<?xml version="1.0" encoding="UTF-8"?>
<DEFECTS>
<OACRDEFECTCOUNT>1</OACRDEFECTCOUNT>
<OACRERRORCOUNT>0</OACRERRORCOUNT>
<DEFECT _seq="1"><SFA><LINE>99</LINE><COLUMN>11</COLUMN><FILENAME>dbgclient.c</FILENAME><FILEPATH>d:\p\sys\nbp-0.32-plus\common\</FILEPATH></SFA><DEFECTCODE>28719</DEFECTCODE><DESCRIPTION>Banned API Usage:  strcat is a Banned API as listed in dontuse.h for security purposes.</DESCRIPTION><FUNCTION>DbgPrintString</FUNCTION><FUNCLINE>86</FUNCLINE><PATH/></DEFECT>
</DEFECTS>
