<?xml version="1.0" encoding="UTF-8"?>
<DEFECTS>
<OACRDEFECTCOUNT>1</OACRDEFECTCOUNT>
<OACRERRORCOUNT>0</OACRERRORCOUNT>
<DEFECT _seq="1"><OACRCOMPUNIT>d:\p\sys\nbp-0.32-plus\common\hvm.c</OACRCOMPUNIT><SFA><LINE>90</LINE><COLUMN>0</COLUMN><FILENAME>hvm.c</FILENAME><FILEPATH>d:\p\sys\nbp-0.32-plus\common\</FILEPATH></SFA><DEFECTCODE>20051</DEFECTCODE><DESCRIPTION>PREfast - Error processing 'hvm.c' : error C2373: 'HvmSpitOutBluepill' : redefinition; different type modifiers (try ' oacr log root:amd64chk ' for details)</DESCRIPTION><FUNCTION></FUNCTION><FUNCLINE></FUNCLINE><PATH/></DEFECT>
</DEFECTS>
